"1","Matchday 1","France","Mexico","1930-07-13 12:00:00.000000","4","1",,,,,"1"
"2","Matchday 3","Argentina","France","1930-07-15 12:00:00.000000","1","0",,,,,"1"
"3","Matchday 4","Chile","Mexico","1930-07-16 12:00:00.000000","3","0",,,,,"1"
"4","Matchday 7","Chile","France","1930-07-19 12:00:00.000000","1","0",,,,,"1"
"5","Matchday 7","Argentina","Mexico","1930-07-19 12:00:00.000000","6","3",,,,,"1"
"6","Matchday 10","Argentina","Chile","1930-07-22 12:00:00.000000","3","1",,,,,"1"
"7","Matchday 2","Yugoslavia (-2003)","Brazil","1930-07-14 12:00:00.000000","2","1",,,,,"1"
"8","Matchday 5","Yugoslavia (-2003)","Bolivia","1930-07-17 12:00:00.000000","4","0",,,,,"1"
"9","Matchday 8","Brazil","Bolivia","1930-07-20 12:00:00.000000","4","0",,,,,"1"
"10","Matchday 2","Romania","Peru","1930-07-14 12:00:00.000000","3","1",,,,,"1"
"11","Matchday 6","Uruguay","Peru","1930-07-18 12:00:00.000000","1","0",,,,,"1"
"12","Matchday 9","Uruguay","Romania","1930-07-21 12:00:00.000000","4","0",,,,,"1"
"13","Matchday 1","United States","Belgium","1930-07-13 12:00:00.000000","3","0",,,,,"1"
"14","Matchday 5","United States","Paraguay","1930-07-17 12:00:00.000000","3","0",,,,,"1"
"15","Matchday 8","Paraguay","Belgium","1930-07-20 12:00:00.000000","1","0",,,,,"1"
"16","Semi-finals","Argentina","United States","1930-07-26 12:00:00.000000","6","1",,,,,"1"
"17","Semi-finals","Uruguay","Yugoslavia (-2003)","1930-07-27 12:00:00.000000","6","1",,,,,"1"
"18","Final","Uruguay","Argentina","1930-07-30 12:00:00.000000","4","2",,,,,"1"
"19","Preliminary round","Sweden","Argentina","1934-05-27 12:00:00.000000","3","2",,,,,"1"
"20","Preliminary round","Austria","France","1934-05-27 12:00:00.000000","1","1","3","2",,,"1"
"21","Preliminary round","Germany","Belgium","1934-05-27 12:00:00.000000","5","2",,,,,"1"
"22","Preliminary round","Spain","Brazil","1934-05-27 12:00:00.000000","3","1",,,,,"1"
"23","Preliminary round","Hungary","Egypt","1934-05-27 12:00:00.000000","4","2",,,,,"1"
"24","Preliminary round","Switzerland","Netherlands","1934-05-27 12:00:00.000000","3","2",,,,,"1"
"25","Preliminary round","Italy","United States","1934-05-27 12:00:00.000000","7","1",,,,,"1"
"26","Preliminary round","Czechoslovakia (-1992)","Romania","1934-05-27 12:00:00.000000","2","1",,,,,"1"
"27","Quarter-finals","Czechoslovakia (-1992)","Switzerland","1934-05-31 12:00:00.000000","3","2",,,,,"1"
"28","Quarter-finals","Germany","Sweden","1934-05-31 12:00:00.000000","2","1",,,,,"1"
"29","Quarter-finals","Italy","Spain","1934-05-31 12:00:00.000000",,,"1","1",,,
"30","Quarter-finals","Austria","Hungary","1934-05-31 12:00:00.000000","2","1",,,,,"1"
"31","Quarter-finals replays","Italy","Spain","1934-06-01 12:00:00.000000","1","0",,,,,"1"
"32","Semi-finals","Italy","Austria","1934-06-03 12:00:00.000000","1","0",,,,,"1"
"33","Semi-finals","Czechoslovakia (-1992)","Germany","1934-06-03 12:00:00.000000","3","1",,,,,"1"
"34","Third-place match","Germany","Austria","1934-06-07 12:00:00.000000","3","2",,,,,"1"
"35","Final","Italy","Czechoslovakia (-1992)","1934-06-10 12:00:00.000000","1","1","2","1",,,"1"
"36","First round","Switzerland","Germany","1938-06-04 12:00:00.000000","1","1","1","1",,,"0"
"37","First round","Hungary","Dutch East Indies (-1945)","1938-06-05 12:00:00.000000","6","0",,,,,"1"
"38","First round","France","Belgium","1938-06-05 12:00:00.000000","3","1",,,,,"1"
"39","First round","Cuba","Romania","1938-06-05 12:00:00.000000","2","2","3","3",,,"0"
"40","First round","Italy","Norway","1938-06-05 12:00:00.000000","1","1","2","1",,,"1"
"41","First round","Brazil","Poland","1938-06-05 12:00:00.000000","4","4","6","5",,,"1"
"42","First round","Czechoslovakia (-1992)","Netherlands","1938-06-05 12:00:00.000000","0","0","3","0",,,"1"
"43","First round replays","Cuba","Romania","1938-06-09 12:00:00.000000","2","1",,,,,"1"
"44","First round replays","Germany","Switzerland","1938-06-09 12:00:00.000000","2","4",,,,,"2"
"45","Quarter-finals","Brazil","Czechoslovakia (-1992)","1938-06-12 12:00:00.000000","1","1","1","1",,,"0"
"46","Quarter-finals","Switzerland","Hungary","1938-06-12 12:00:00.000000","0","2",,,,,"2"
"47","Quarter-finals","Sweden","Cuba","1938-06-12 12:00:00.000000","8","0",,,,,"1"
"48","Quarter-finals","France","Italy","1938-06-12 12:00:00.000000","1","3",,,,,"2"
"49","Quarter-finals replays","Brazil","Czechoslovakia (-1992)","1938-06-14 12:00:00.000000","2","1",,,,,"1"
"50","Semi-finals","Hungary","Sweden","1938-06-16 12:00:00.000000","5","1",,,,,"1"
"51","Semi-finals","Italy","Brazil","1938-06-16 12:00:00.000000","2","1",,,,,"1"
"52","Match for third place","Sweden","Brazil","1938-06-19 12:00:00.000000","2","4",,,,,"2"
"53","Final","Hungary","Italy","1938-06-19 12:00:00.000000","2","4",,,,,"2"
"54","Matchday 1","Brazil","Mexico","1950-06-24 12:00:00.000000","4","0",,,,,"1"
"55","Matchday 2","Yugoslavia (-2003)","Switzerland","1950-06-25 12:00:00.000000","3","0",,,,,"1"
"56","Matchday 3","Brazil","Switzerland","1950-06-28 12:00:00.000000","2","2",,,,,"0"
"57","Matchday 3","Yugoslavia (-2003)","Mexico","1950-06-28 12:00:00.000000","4","1",,,,,"1"
"58","Matchday 5","Brazil","Yugoslavia (-2003)","1950-07-01 12:00:00.000000","2","0",,,,,"1"
"59","Matchday 6","Switzerland","Mexico","1950-07-02 12:00:00.000000","2","1",,,,,"1"
"60","Matchday 2","England","Chile","1950-06-25 12:00:00.000000","2","0",,,,,"1"
"61","Matchday 2","Spain","United States","1950-06-25 12:00:00.000000","3","1",,,,,"1"
"62","Matchday 4","Spain","Chile","1950-06-29 12:00:00.000000","2","0",,,,,"1"
"63","Matchday 4","United States","England","1950-06-29 12:00:00.000000","1","0",,,,,"1"
"64","Matchday 6","Spain","England","1950-07-02 12:00:00.000000","1","0",,,,,"1"
"65","Matchday 6","Chile","United States","1950-07-02 12:00:00.000000","5","2",,,,,"1"
"66","Matchday 2","Sweden","Italy","1950-06-25 12:00:00.000000","3","2",,,,,"1"
"67","Matchday 4","Sweden","Paraguay","1950-06-29 12:00:00.000000","2","2",,,,,"0"
"68","Matchday 6","Italy","Paraguay","1950-07-02 12:00:00.000000","2","0",,,,,"1"
"69","Matchday 6","Uruguay","Bolivia","1950-07-02 12:00:00.000000","8","0",,,,,"1"
"70","Final Round","Uruguay","Spain","1950-07-09 12:00:00.000000","2","2",,,,,"0"
"71","Final Round","Brazil","Sweden","1950-07-09 12:00:00.000000","7","1",,,,,"1"
"72","Final Round","Brazil","Spain","1950-07-13 12:00:00.000000","6","1",,,,,"1"
"73","Final Round","Uruguay","Sweden","1950-07-13 12:00:00.000000","3","2",,,,,"1"
"74","Final Round","Sweden","Spain","1950-07-16 12:00:00.000000","3","1",,,,,"1"
"75","Final Round","Uruguay","Brazil","1950-07-16 12:00:00.000000","2","1",,,,,"1"
"76","Matchday 1","Brazil","Mexico","1954-06-16 12:00:00.000000","5","0",,,,,"1"
"77","Matchday 1","Yugoslavia (-2003)","France","1954-06-16 12:00:00.000000","1","0",,,,,"1"
"78","Matchday 3","Brazil","Yugoslavia (-2003)","1954-06-19 12:00:00.000000","1","1","1","1",,,"0"
"79","Matchday 3","France","Mexico","1954-06-19 12:00:00.000000","3","2",,,,,"1"
"80","Matchday 2","West Germany (-1989)","Turkey","1954-06-17 12:00:00.000000","4","1",,,,,"1"
"81","Matchday 2","Hungary","South Korea","1954-06-17 12:00:00.000000","9","0",,,,,"1"
"82","Matchday 4","Hungary","West Germany (-1989)","1954-06-20 12:00:00.000000","8","3",,,,,"1"
"83","Matchday 4","Turkey","South Korea","1954-06-20 12:00:00.000000","7","0",,,,,"1"
"84","Group-2 Play-off","West Germany (-1989)","Turkey","1954-06-23 12:00:00.000000","7","2",,,,,"1"
"85","Matchday 1","Uruguay","Czechoslovakia (-1992)","1954-06-16 12:00:00.000000","2","0",,,,,"1"
"86","Matchday 1","Austria","Scotland","1954-06-16 12:00:00.000000","1","0",,,,,"1"
"87","Matchday 3","Austria","Czechoslovakia (-1992)","1954-06-19 12:00:00.000000","5","0",,,,,"1"
"88","Matchday 3","Uruguay","Scotland","1954-06-19 12:00:00.000000","7","0",,,,,"1"
"89","Matchday 2","England","Belgium","1954-06-17 12:00:00.000000","3","3","4","4",,,"0"
"90","Matchday 2","Switzerland","Italy","1954-06-17 12:00:00.000000","2","1",,,,,"1"
"91","Matchday 4","England","Switzerland","1954-06-20 12:00:00.000000","2","0",,,,,"1"
"92","Matchday 4","Italy","Belgium","1954-06-20 12:00:00.000000","4","1",,,,,"1"
"93","Group-4 Play-off","Switzerland","Italy","1954-06-23 12:00:00.000000","4","1",,,,,"1"
"94","Quarter-finals","Austria","Switzerland","1954-06-26 12:00:00.000000","7","5",,,,,"1"
"95","Quarter-finals","Uruguay","England","1954-06-26 12:00:00.000000","4","2",,,,,"1"
"96","Quarter-finals","Yugoslavia (-2003)","West Germany (-1989)","1954-06-27 12:00:00.000000","0","2",,,,,"2"
"97","Quarter-finals","Brazil","Hungary","1954-06-27 12:00:00.000000","2","4",,,,,"2"
"98","Semi-finals","West Germany (-1989)","Austria","1954-06-30 12:00:00.000000","6","1",,,,,"1"
"99","Semi-finals","Hungary","Uruguay","1954-06-30 12:00:00.000000","2","2","4","2",,,"1"
"100","Third-place match","Uruguay","Austria","1954-07-03 12:00:00.000000","1","3",,,,,"2"
"101","Final","Hungary","West Germany (-1989)","1954-07-04 12:00:00.000000","2","3",,,,,"2"
"102","Matchday 1","West Germany (-1989)","Argentina","1958-06-08 12:00:00.000000","3","1",,,,,"1"
"103","Matchday 1","Northern Ireland","Czechoslovakia (-1992)","1958-06-08 12:00:00.000000","1","0",,,,,"1"
"104","Matchday 2","Argentina","Northern Ireland","1958-06-11 12:00:00.000000","3","1",,,,,"1"
"105","Matchday 2","West Germany (-1989)","Czechoslovakia (-1992)","1958-06-11 12:00:00.000000","2","2",,,,,"0"
"106","Matchday 4","West Germany (-1989)","Northern Ireland","1958-06-15 12:00:00.000000","2","2",,,,,"0"
"107","Matchday 4","Czechoslovakia (-1992)","Argentina","1958-06-15 12:00:00.000000","6","1",,,,,"1"
"108","Group-1 Play-off","Northern Ireland","Czechoslovakia (-1992)","1958-06-17 12:00:00.000000","1","1","2","1",,,"1"
"109","Matchday 1","France","Paraguay","1958-06-08 12:00:00.000000","7","3",,,,,"1"
"110","Matchday 1","Yugoslavia (-2003)","Scotland","1958-06-08 12:00:00.000000","1","1",,,,,"0"
"111","Matchday 2","Yugoslavia (-2003)","France","1958-06-11 12:00:00.000000","3","2",,,,,"1"
"112","Matchday 2","Paraguay","Scotland","1958-06-11 12:00:00.000000","3","2",,,,,"1"
"113","Matchday 4","France","Scotland","1958-06-15 12:00:00.000000","2","1",,,,,"1"
"114","Matchday 4","Paraguay","Yugoslavia (-2003)","1958-06-15 12:00:00.000000","3","3",,,,,"0"
"115","Matchday 1","Sweden","Mexico","1958-06-08 12:00:00.000000","3","0",,,,,"1"
"116","Matchday 1","Hungary","Wales","1958-06-08 12:00:00.000000","1","1",,,,,"0"
"117","Matchday 2","Mexico","Wales","1958-06-11 12:00:00.000000","1","1",,,,,"0"
"118","Matchday 3","Sweden","Hungary","1958-06-12 12:00:00.000000","2","1",,,,,"1"
"119","Matchday 4","Sweden","Wales","1958-06-15 12:00:00.000000","0","0",,,,,"0"
"120","Matchday 4","Hungary","Mexico","1958-06-15 12:00:00.000000","4","0",,,,,"1"
"121","Group-3 Play-off","Wales","Hungary","1958-06-17 12:00:00.000000","2","1",,,,,"1"
"122","Matchday 1","Brazil","Austria","1958-06-08 12:00:00.000000","3","0",,,,,"1"
"123","Matchday 1","Soviet Union (-1991)","England","1958-06-08 12:00:00.000000","2","2",,,,,"0"
"124","Matchday 2","Brazil","England","1958-06-11 12:00:00.000000","0","0",,,,,"0"
"125","Matchday 2","Soviet Union (-1991)","Austria","1958-06-11 12:00:00.000000","2","0",,,,,"1"
"126","Matchday 4","England","Austria","1958-06-15 12:00:00.000000","2","2",,,,,"0"
"127","Matchday 4","Brazil","Soviet Union (-1991)","1958-06-15 12:00:00.000000","2","0",,,,,"1"
"128","Group-4 Play-off","Soviet Union (-1991)","England","1958-06-17 12:00:00.000000","1","0",,,,,"1"
"129","Quarter-finals","France","Northern Ireland","1958-06-19 12:00:00.000000","4","0",,,,,"1"
"130","Quarter-finals","Sweden","Soviet Union (-1991)","1958-06-19 12:00:00.000000","2","0",,,,,"1"
"131","Quarter-finals","Brazil","Wales","1958-06-19 12:00:00.000000","1","0",,,,,"1"
"132","Quarter-finals","West Germany (-1989)","Yugoslavia (-2003)","1958-06-19 12:00:00.000000","1","0",,,,,"1"
"133","Semi-finals","France","Brazil","1958-06-24 12:00:00.000000","2","5",,,,,"2"
"134","Semi-finals","West Germany (-1989)","Sweden","1958-06-24 12:00:00.000000","1","3",,,,,"2"
"135","Match for third place","West Germany (-1989)","France","1958-06-28 12:00:00.000000","3","6",,,,,"2"
"136","Final","Sweden","Brazil","1958-06-29 12:00:00.000000","2","5",,,,,"2"
"137","Matchday 1","Uruguay","Colombia","1962-05-30 12:00:00.000000","2","1",,,,,"1"
"138","Matchday 2","Soviet Union (-1991)","Yugoslavia (-2003)","1962-05-31 12:00:00.000000","2","0",,,,,"1"
"139","Matchday 3","Yugoslavia (-2003)","Uruguay","1962-06-02 12:00:00.000000","3","1",,,,,"1"
"140","Matchday 4","Soviet Union (-1991)","Colombia","1962-06-03 12:00:00.000000","4","4",,,,,"0"
"141","Matchday 5","Soviet Union (-1991)","Uruguay","1962-06-06 12:00:00.000000","2","1",,,,,"1"
"142","Matchday 6","Yugoslavia (-2003)","Colombia","1962-06-07 12:00:00.000000","5","0",,,,,"1"
"143","Matchday 1","Chile","Switzerland","1962-05-30 12:00:00.000000","3","1",,,,,"1"
"144","Matchday 2","West Germany (-1989)","Italy","1962-05-31 12:00:00.000000","0","0",,,,,"0"
"145","Matchday 3","Chile","Italy","1962-06-02 12:00:00.000000","2","0",,,,,"1"
"146","Matchday 4","West Germany (-1989)","Switzerland","1962-06-03 12:00:00.000000","2","1",,,,,"1"
"147","Matchday 5","West Germany (-1989)","Chile","1962-06-06 12:00:00.000000","2","0",,,,,"1"
"148","Matchday 6","Italy","Switzerland","1962-06-07 12:00:00.000000","3","0",,,,,"1"
"149","Matchday 1","Brazil","Mexico","1962-05-30 12:00:00.000000","2","0",,,,,"1"
"150","Matchday 2","Czechoslovakia (-1992)","Spain","1962-05-31 12:00:00.000000","1","0",,,,,"1"
"151","Matchday 3","Brazil","Czechoslovakia (-1992)","1962-06-02 12:00:00.000000","0","0",,,,,"0"
"152","Matchday 4","Spain","Mexico","1962-06-03 12:00:00.000000","1","0",,,,,"1"
"153","Matchday 5","Brazil","Spain","1962-06-06 12:00:00.000000","2","1",,,,,"1"
"154","Matchday 6","Mexico","Czechoslovakia (-1992)","1962-06-07 12:00:00.000000","3","1",,,,,"1"
"155","Matchday 1","Argentina","Bulgaria","1962-05-30 12:00:00.000000","1","0",,,,,"1"
"156","Matchday 2","Hungary","England","1962-05-31 12:00:00.000000","2","1",,,,,"1"
"157","Matchday 3","England","Argentina","1962-06-02 12:00:00.000000","3","1",,,,,"1"
"158","Matchday 4","Hungary","Bulgaria","1962-06-03 12:00:00.000000","6","1",,,,,"1"
"159","Matchday 5","Hungary","Argentina","1962-06-06 12:00:00.000000","0","0",,,,,"0"
"160","Matchday 6","England","Bulgaria","1962-06-07 12:00:00.000000","0","0",,,,,"0"
"161","Quarter-finals","Chile","Soviet Union (-1991)","1962-06-10 12:00:00.000000","2","1",,,,,"1"
"162","Quarter-finals","Yugoslavia (-2003)","West Germany (-1989)","1962-06-10 12:00:00.000000","1","0",,,,,"1"
"163","Quarter-finals","Brazil","England","1962-06-10 12:00:00.000000","3","1",,,,,"1"
"164","Quarter-finals","Czechoslovakia (-1992)","Hungary","1962-06-10 12:00:00.000000","1","0",,,,,"1"
"165","Semi-finals","Brazil","Chile","1962-06-13 12:00:00.000000","4","2",,,,,"1"
"166","Semi-finals","Czechoslovakia (-1992)","Yugoslavia (-2003)","1962-06-13 12:00:00.000000","3","1",,,,,"1"
"167","Third-place match","Chile","Yugoslavia (-2003)","1962-06-16 12:00:00.000000","1","0",,,,,"1"
"168","Final","Brazil","Czechoslovakia (-1992)","1962-06-17 12:00:00.000000","3","1",,,,,"1"
"169","Matchday 1","England","Uruguay","1966-07-11 12:00:00.000000","0","0",,,,,"0"
"170","Matchday 3","France","Mexico","1966-07-13 12:00:00.000000","1","1",,,,,"0"
"171","Matchday 4","Uruguay","France","1966-07-15 12:00:00.000000","2","1",,,,,"1"
"172","Matchday 5","England","Mexico","1966-07-16 12:00:00.000000","2","0",,,,,"1"
"173","Matchday 6","Mexico","Uruguay","1966-07-19 12:00:00.000000","0","0",,,,,"0"
"174","Matchday 7","England","France","1966-07-20 12:00:00.000000","2","0",,,,,"1"
"175","Matchday 2","West Germany (-1989)","Switzerland","1966-07-12 12:00:00.000000","5","0",,,,,"1"
"176","Matchday 3","Argentina","Spain","1966-07-13 12:00:00.000000","2","1",,,,,"1"
"177","Matchday 4","Spain","Switzerland","1966-07-15 12:00:00.000000","2","1",,,,,"1"
"178","Matchday 5","Argentina","West Germany (-1989)","1966-07-16 12:00:00.000000","0","0",,,,,"0"
"179","Matchday 6","Argentina","Switzerland","1966-07-19 12:00:00.000000","2","0",,,,,"1"
"180","Matchday 7","West Germany (-1989)","Spain","1966-07-20 12:00:00.000000","2","1",,,,,"1"
"181","Matchday 2","Brazil","Bulgaria","1966-07-12 12:00:00.000000","2","0",,,,,"1"
"182","Matchday 3","Portugal","Hungary","1966-07-13 12:00:00.000000","3","1",,,,,"1"
"183","Matchday 4","Hungary","Brazil","1966-07-15 12:00:00.000000","3","1",,,,,"1"
"184","Matchday 5","Portugal","Bulgaria","1966-07-16 12:00:00.000000","3","0",,,,,"1"
"185","Matchday 6","Portugal","Brazil","1966-07-19 12:00:00.000000","3","1",,,,,"1"
"186","Matchday 7","Hungary","Bulgaria","1966-07-20 12:00:00.000000","3","1",,,,,"1"
"187","Matchday 2","Soviet Union (-1991)","North Korea","1966-07-12 12:00:00.000000","3","0",,,,,"1"
"188","Matchday 3","Italy","Chile","1966-07-13 12:00:00.000000","2","0",,,,,"1"
"189","Matchday 4","Chile","North Korea","1966-07-15 12:00:00.000000","1","1",,,,,"0"
"190","Matchday 5","Soviet Union (-1991)","Italy","1966-07-16 12:00:00.000000","1","0",,,,,"1"
"191","Matchday 6","North Korea","Italy","1966-07-19 12:00:00.000000","1","0",,,,,"1"
"192","Matchday 7","Soviet Union (-1991)","Chile","1966-07-20 12:00:00.000000","2","1",,,,,"1"
"193","Quarter-finals","England","Argentina","1966-07-23 12:00:00.000000","1","0",,,,,"1"
"194","Quarter-finals","West Germany (-1989)","Uruguay","1966-07-23 12:00:00.000000","4","0",,,,,"1"
"195","Quarter-finals","Soviet Union (-1991)","Hungary","1966-07-23 12:00:00.000000","2","1",,,,,"1"
"196","Quarter-finals","Portugal","North Korea","1966-07-23 12:00:00.000000","5","3",,,,,"1"
"197","Semi-finals","West Germany (-1989)","Soviet Union (-1991)","1966-07-25 12:00:00.000000","2","1",,,,,"1"
"198","Semi-finals","England","Portugal","1966-07-26 12:00:00.000000","2","1",,,,,"1"
"199","Third-place match","Portugal","Soviet Union (-1991)","1966-07-28 12:00:00.000000","2","1",,,,,"1"
"200","Final","England","West Germany (-1989)","1966-07-30 12:00:00.000000","2","2","4","2",,,"1"
"201","Matchday 1","Mexico","Soviet Union (-1991)","1970-05-31 12:00:00.000000","0","0",,,,,"0"
"202","Matchday 3","Belgium","El Salvador","1970-06-03 12:00:00.000000","3","0",,,,,"1"
"203","Matchday 4","Soviet Union (-1991)","Belgium","1970-06-06 12:00:00.000000","4","1",,,,,"1"
"204","Matchday 5","Mexico","El Salvador","1970-06-07 12:00:00.000000","4","0",,,,,"1"
"205","Matchday 6","Soviet Union (-1991)","El Salvador","1970-06-10 12:00:00.000000","2","0",,,,,"1"
"206","Matchday 7","Mexico","Belgium","1970-06-11 12:00:00.000000","1","0",,,,,"1"
"207","Matchday 2","Uruguay","Israel","1970-06-02 12:00:00.000000","2","0",,,,,"1"
"208","Matchday 3","Italy","Sweden","1970-06-03 12:00:00.000000","1","0",,,,,"1"
"209","Matchday 4","Uruguay","Italy","1970-06-06 12:00:00.000000","0","0",,,,,"0"
"210","Matchday 5","Sweden","Israel","1970-06-07 12:00:00.000000","1","1",,,,,"0"
"211","Matchday 6","Uruguay","Sweden","1970-06-10 12:00:00.000000","0","1",,,,,"2"
"212","Matchday 7","Israel","Italy","1970-06-11 12:00:00.000000","0","0",,,,,"0"
"213","Matchday 2","Romania","England","1970-06-02 12:00:00.000000","0","1",,,,,"2"
"214","Matchday 3","Czechoslovakia (-1992)","Brazil","1970-06-03 12:00:00.000000","1","4",,,,,"2"
"215","Matchday 4","Romania","Czechoslovakia (-1992)","1970-06-06 12:00:00.000000","2","1",,,,,"1"
"216","Matchday 5","England","Brazil","1970-06-07 12:00:00.000000","0","1",,,,,"2"
"217","Matchday 6","Romania","Brazil","1970-06-10 12:00:00.000000","2","3",,,,,"2"
"218","Matchday 7","England","Czechoslovakia (-1992)","1970-06-11 12:00:00.000000","1","0",,,,,"1"
"219","Matchday 2","Peru","Bulgaria","1970-06-02 12:00:00.000000","3","2",,,,,"1"
"220","Matchday 3","Morocco","West Germany (-1989)","1970-06-03 12:00:00.000000","1","2",,,,,"2"
"221","Matchday 4","Peru","Morocco","1970-06-06 12:00:00.000000","3","0",,,,,"1"
"222","Matchday 5","Bulgaria","West Germany (-1989)","1970-06-07 12:00:00.000000","2","5",,,,,"2"
"223","Matchday 6","Peru","West Germany (-1989)","1970-06-10 12:00:00.000000","1","3",,,,,"2"
"224","Matchday 7","Bulgaria","Morocco","1970-06-11 12:00:00.000000","1","1",,,,,"0"
"225","Quarter-finals","Soviet Union (-1991)","Uruguay","1970-06-14 12:00:00.000000","0","0","0","1",,,"2"
"226","Quarter-finals","Italy","Mexico","1970-06-14 12:00:00.000000","4","1",,,,,"1"
"227","Quarter-finals","Brazil","Peru","1970-06-14 12:00:00.000000","4","2",,,,,"1"
"228","Quarter-finals","West Germany (-1989)","England","1970-06-14 12:00:00.000000","2","2","3","2",,,"1"
"229","Semi-finals","Uruguay","Brazil","1970-06-17 12:00:00.000000","1","3",,,,,"2"
"230","Semi-finals","Italy","West Germany (-1989)","1970-06-17 12:00:00.000000","1","1","4","3",,,"1"
"231","Match for third place","Uruguay","West Germany (-1989)","1970-06-20 12:00:00.000000","0","1",,,,,"2"
"232","Final","Brazil","Italy","1970-06-21 12:00:00.000000","4","1",,,,,"1"
"233","Matchday 2","West Germany (-1989)","Chile","1974-06-14 12:00:00.000000","1","0",,,,,"1"
"234","Matchday 2","East Germany (-1989)","Australia","1974-06-14 12:00:00.000000","2","0",,,,,"1"
"235","Matchday 4","Chile","East Germany (-1989)","1974-06-18 12:00:00.000000","1","1",,,,,"0"
"236","Matchday 4","Australia","West Germany (-1989)","1974-06-18 12:00:00.000000","0","3",,,,,"2"
"237","Matchday 6","Australia","Chile","1974-06-22 12:00:00.000000","0","0",,,,,"0"
"238","Matchday 6","East Germany (-1989)","West Germany (-1989)","1974-06-22 12:00:00.000000","1","0",,,,,"1"
"239","Matchday 1","Brazil","Yugoslavia (-2003)","1974-06-13 12:00:00.000000","0","0",,,,,"0"
"240","Matchday 2","Zaire (-????)","Scotland","1974-06-14 12:00:00.000000","0","2",,,,,"2"
"241","Matchday 4","Yugoslavia (-2003)","Zaire (-????)","1974-06-18 12:00:00.000000","9","0",,,,,"1"
"242","Matchday 4","Scotland","Brazil","1974-06-18 12:00:00.000000","0","0",,,,,"0"
"243","Matchday 6","Scotland","Yugoslavia (-2003)","1974-06-22 12:00:00.000000","1","1",,,,,"0"
"244","Matchday 6","Zaire (-????)","Brazil","1974-06-22 12:00:00.000000","0","3",,,,,"2"
"245","Matchday 3","Uruguay","Netherlands","1974-06-15 12:00:00.000000","0","2",,,,,"2"
"246","Matchday 3","Sweden","Bulgaria","1974-06-15 12:00:00.000000","0","0",,,,,"0"
"247","Matchday 5","Netherlands","Sweden","1974-06-19 12:00:00.000000","0","0",,,,,"0"
"248","Matchday 5","Uruguay","Bulgaria","1974-06-19 12:00:00.000000","1","1",,,,,"0"
"249","Matchday 7","Netherlands","Bulgaria","1974-06-23 12:00:00.000000","4","1",,,,,"1"
"250","Matchday 7","Sweden","Uruguay","1974-06-23 12:00:00.000000","3","0",,,,,"1"
"251","Matchday 3","Italy","Haiti","1974-06-15 12:00:00.000000","3","1",,,,,"1"
"252","Matchday 3","Poland","Argentina","1974-06-15 12:00:00.000000","3","2",,,,,"1"
"253","Matchday 5","Haiti","Poland","1974-06-19 12:00:00.000000","0","7",,,,,"2"
"254","Matchday 5","Argentina","Italy","1974-06-19 12:00:00.000000","1","1",,,,,"0"
"255","Matchday 7","Argentina","Haiti","1974-06-23 12:00:00.000000","4","1",,,,,"1"
"256","Matchday 7","Poland","Italy","1974-06-23 12:00:00.000000","2","1",,,,,"1"
"257","Matchday 8","Brazil","East Germany (-1989)","1974-06-26 12:00:00.000000","1","0",,,,,"1"
"258","Matchday 8","Netherlands","Argentina","1974-06-26 12:00:00.000000","4","0",,,,,"1"
"259","Matchday 9","East Germany (-1989)","Netherlands","1974-06-30 12:00:00.000000","0","2",,,,,"2"
"260","Matchday 9","Argentina","Brazil","1974-06-30 12:00:00.000000","1","2",,,,,"2"
"261","Matchday 10","Argentina","East Germany (-1989)","1974-07-03 12:00:00.000000","1","1",,,,,"0"
"262","Matchday 10","Netherlands","Brazil","1974-07-03 12:00:00.000000","2","0",,,,,"1"
"263","Matchday 8","Yugoslavia (-2003)","West Germany (-1989)","1974-06-26 12:00:00.000000","0","2",,,,,"2"
"264","Matchday 8","Sweden","Poland","1974-06-26 12:00:00.000000","0","1",,,,,"2"
"265","Matchday 9","West Germany (-1989)","Sweden","1974-06-30 12:00:00.000000","4","2",,,,,"1"
"266","Matchday 9","Poland","Yugoslavia (-2003)","1974-06-30 12:00:00.000000","2","1",,,,,"1"
"267","Matchday 10","Poland","West Germany (-1989)","1974-07-03 12:00:00.000000","0","1",,,,,"2"
"268","Matchday 10","Sweden","Yugoslavia (-2003)","1974-07-03 12:00:00.000000","2","1",,,,,"1"
"269","Match for third place","Brazil","Poland","1974-07-06 12:00:00.000000","0","1",,,,,"2"
"270","Final","Netherlands","West Germany (-1989)","1974-07-07 12:00:00.000000","1","2",,,,,"2"
"271","Matchday 2","Argentina","Hungary","1978-06-02 12:00:00.000000","2","1",,,,,"1"
"272","Matchday 2","Italy","France","1978-06-02 12:00:00.000000","2","1",,,,,"1"
"273","Matchday 4","Argentina","France","1978-06-06 12:00:00.000000","2","1",,,,,"1"
"274","Matchday 4","Italy","Hungary","1978-06-06 12:00:00.000000","3","1",,,,,"1"
"275","Matchday 6","Argentina","Italy","1978-06-10 12:00:00.000000","0","1",,,,,"2"
"276","Matchday 6","France","Hungary","1978-06-10 12:00:00.000000","3","1",,,,,"1"
"277","Matchday 1","West Germany (-1989)","Poland","1978-06-01 12:00:00.000000","0","0",,,,,"0"
"278","Matchday 2","Tunisia","Mexico","1978-06-02 12:00:00.000000","3","1",,,,,"1"
"279","Matchday 4","Poland","Tunisia","1978-06-06 12:00:00.000000","1","0",,,,,"1"
"280","Matchday 4","West Germany (-1989)","Mexico","1978-06-06 12:00:00.000000","6","0",,,,,"1"
"281","Matchday 6","Poland","Mexico","1978-06-10 12:00:00.000000","3","1",,,,,"1"
"282","Matchday 6","West Germany (-1989)","Tunisia","1978-06-10 12:00:00.000000","0","0",,,,,"0"
"283","Matchday 3","Austria","Spain","1978-06-03 12:00:00.000000","2","1",,,,,"1"
"284","Matchday 3","Brazil","Sweden","1978-06-03 12:00:00.000000","1","1",,,,,"0"
"285","Matchday 5","Austria","Sweden","1978-06-07 12:00:00.000000","1","0",,,,,"1"
"286","Matchday 5","Brazil","Spain","1978-06-07 12:00:00.000000","0","0",,,,,"0"
"287","Matchday 7","Spain","Sweden","1978-06-11 12:00:00.000000","1","0",,,,,"1"
"288","Matchday 7","Brazil","Austria","1978-06-11 12:00:00.000000","1","0",,,,,"1"
"289","Matchday 3","Peru","Scotland","1978-06-03 12:00:00.000000","3","1",,,,,"1"
"290","Matchday 3","Netherlands","Iran","1978-06-03 12:00:00.000000","3","0",,,,,"1"
"291","Matchday 5","Scotland","Iran","1978-06-07 12:00:00.000000","1","1",,,,,"0"
"292","Matchday 5","Netherlands","Peru","1978-06-07 12:00:00.000000","0","0",,,,,"0"
"293","Matchday 7","Peru","Iran","1978-06-11 12:00:00.000000","4","1",,,,,"1"
"294","Matchday 7","Scotland","Netherlands","1978-06-11 12:00:00.000000","3","2",,,,,"1"
"295","Matchday 8","Italy","West Germany (-1989)","1978-06-14 12:00:00.000000","0","0",,,,,"0"
"296","Matchday 8","Austria","Netherlands","1978-06-14 12:00:00.000000","1","5",,,,,"2"
"297","Matchday 9","Italy","Austria","1978-06-18 12:00:00.000000","1","0",,,,,"1"
"298","Matchday 9","Netherlands","West Germany (-1989)","1978-06-18 12:00:00.000000","2","2",,,,,"0"
"299","Matchday 10","Italy","Netherlands","1978-06-21 12:00:00.000000","1","2",,,,,"2"
"300","Matchday 10","Austria","West Germany (-1989)","1978-06-21 12:00:00.000000","3","2",,,,,"1"
"301","Matchday 8","Argentina","Poland","1978-06-14 12:00:00.000000","2","0",,,,,"1"
"302","Matchday 8","Peru","Brazil","1978-06-14 12:00:00.000000","0","3",,,,,"2"
"303","Matchday 9","Argentina","Brazil","1978-06-18 12:00:00.000000","0","0",,,,,"0"
"304","Matchday 9","Peru","Poland","1978-06-18 12:00:00.000000","0","1",,,,,"2"
"305","Matchday 10","Argentina","Peru","1978-06-21 12:00:00.000000","6","0",,,,,"1"
"306","Matchday 10","Poland","Brazil","1978-06-21 12:00:00.000000","1","3",,,,,"2"
"307","Third place match","Brazil","Italy","1978-06-24 12:00:00.000000","2","1",,,,,"1"
"308","Final","Netherlands","Argentina","1978-06-25 12:00:00.000000","1","1","1","3",,,"2"
"309","Matchday 2","Italy","Poland","1982-06-14 12:00:00.000000","0","0",,,,,"0"
"310","Matchday 3","Peru","Cameroon","1982-06-15 12:00:00.000000","0","0",,,,,"0"
"311","Matchday 6","Italy","Peru","1982-06-18 12:00:00.000000","1","1",,,,,"0"
"312","Matchday 7","Poland","Cameroon","1982-06-19 12:00:00.000000","0","0",,,,,"0"
"313","Matchday 10","Poland","Peru","1982-06-22 12:00:00.000000","5","1",,,,,"1"
"314","Matchday 11","Italy","Cameroon","1982-06-23 12:00:00.000000","1","1",,,,,"0"
"315","Matchday 4","West Germany (-1989)","Algeria","1982-06-16 12:00:00.000000","1","2",,,,,"2"
"316","Matchday 5","Chile","Austria","1982-06-17 12:00:00.000000","0","1",,,,,"2"
"317","Matchday 8","West Germany (-1989)","Chile","1982-06-20 12:00:00.000000","4","1",,,,,"1"
"318","Matchday 9","Algeria","Austria","1982-06-21 12:00:00.000000","0","2",,,,,"2"
"319","Matchday 12","Algeria","Chile","1982-06-24 12:00:00.000000","3","2",,,,,"1"
"320","Matchday 13","West Germany (-1989)","Austria","1982-06-25 12:00:00.000000","1","0",,,,,"1"
"321","Matchday 1","Argentina","Belgium","1982-06-13 12:00:00.000000","0","1",,,,,"2"
"322","Matchday 3","Hungary","El Salvador","1982-06-15 12:00:00.000000","10","1",,,,,"1"
"323","Matchday 6","Argentina","Hungary","1982-06-18 12:00:00.000000","4","1",,,,,"1"
"324","Matchday 7","Belgium","El Salvador","1982-06-19 12:00:00.000000","1","0",,,,,"1"
"325","Matchday 10","Belgium","Hungary","1982-06-22 12:00:00.000000","1","1",,,,,"0"
"326","Matchday 11","Argentina","El Salvador","1982-06-23 12:00:00.000000","2","0",,,,,"1"
"327","Matchday 4","England","France","1982-06-16 12:00:00.000000","3","1",,,,,"1"
"328","Matchday 5","Czechoslovakia (-1992)","Kuwait","1982-06-17 12:00:00.000000","1","1",,,,,"0"
"329","Matchday 8","England","Czechoslovakia (-1992)","1982-06-20 12:00:00.000000","2","0",,,,,"1"
"330","Matchday 9","France","Kuwait","1982-06-21 12:00:00.000000","4","1",,,,,"1"
"331","Matchday 12","France","Czechoslovakia (-1992)","1982-06-24 12:00:00.000000","1","1",,,,,"0"
"332","Matchday 13","England","Kuwait","1982-06-25 12:00:00.000000","1","0",,,,,"1"
"333","Matchday 4","Spain","Honduras","1982-06-16 12:00:00.000000","1","1",,,,,"0"
"334","Matchday 5","Yugoslavia (-2003)","Northern Ireland","1982-06-17 12:00:00.000000","0","0",,,,,"0"
"335","Matchday 8","Spain","Yugoslavia (-2003)","1982-06-20 12:00:00.000000","2","1",,,,,"1"
"336","Matchday 9","Honduras","Northern Ireland","1982-06-21 12:00:00.000000","1","1",,,,,"0"
"337","Matchday 12","Honduras","Yugoslavia (-2003)","1982-06-24 12:00:00.000000","0","1",,,,,"2"
"338","Matchday 13","Spain","Northern Ireland","1982-06-25 12:00:00.000000","0","1",,,,,"2"
"339","Matchday 2","Brazil","Soviet Union (-1991)","1982-06-14 12:00:00.000000","2","1",,,,,"1"
"340","Matchday 3","Scotland","New Zealand","1982-06-15 12:00:00.000000","5","2",,,,,"1"
"341","Matchday 6","Brazil","Scotland","1982-06-18 12:00:00.000000","4","1",,,,,"1"
"342","Matchday 7","Soviet Union (-1991)","New Zealand","1982-06-19 12:00:00.000000","3","0",,,,,"1"
"343","Matchday 10","Soviet Union (-1991)","Scotland","1982-06-22 12:00:00.000000","2","2",,,,,"0"
"344","Matchday 11","Brazil","New Zealand","1982-06-23 12:00:00.000000","4","0",,,,,"1"
"345","Matchday 14","Poland","Belgium","1982-06-28 12:00:00.000000","3","0",,,,,"1"
"346","Matchday 16","Belgium","Soviet Union (-1991)","1982-07-01 12:00:00.000000","0","1",,,,,"2"
"347","Matchday 18","Soviet Union (-1991)","Poland","1982-07-04 12:00:00.000000","0","0",,,,,"0"
"348","Matchday 15","West Germany (-1989)","England","1982-06-29 12:00:00.000000","0","0",,,,,"0"
"349","Matchday 17","West Germany (-1989)","Spain","1982-07-02 12:00:00.000000","2","1",,,,,"1"
"350","Matchday 19","Spain","England","1982-07-05 12:00:00.000000","0","0",,,,,"0"
"351","Matchday 15","Italy","Argentina","1982-06-29 12:00:00.000000","2","1",,,,,"1"
"352","Matchday 17","Argentina","Brazil","1982-07-02 12:00:00.000000","1","3",,,,,"2"
"353","Matchday 19","Italy","Brazil","1982-07-05 12:00:00.000000","3","2",,,,,"1"
"354","Matchday 14","Austria","France","1982-06-28 12:00:00.000000","0","1",,,,,"2"
"355","Matchday 16","Austria","Northern Ireland","1982-07-01 12:00:00.000000","2","2",,,,,"0"
"356","Matchday 18","Northern Ireland","France","1982-07-04 12:00:00.000000","1","4",,,,,"2"
"357","Semi-finals","Poland","Italy","1982-07-08 12:00:00.000000","0","2",,,,,"2"
"358","Semi-finals","West Germany (-1989)","France","1982-07-08 12:00:00.000000","1","1","3","3","5","4","1"
"359","Third place match","Poland","France","1982-07-10 12:00:00.000000","3","2",,,,,"1"
"360","Final","Italy","West Germany (-1989)","1982-07-11 12:00:00.000000","3","1",,,,,"1"
"361","Matchday 1","Bulgaria","Italy","1986-05-31 12:00:00.000000","1","1",,,,,"0"
"362","Matchday 3","Argentina","South Korea","1986-06-02 12:00:00.000000","3","1",,,,,"1"
"363","Matchday 6","Italy","Argentina","1986-06-05 12:00:00.000000","1","1",,,,,"0"
"364","Matchday 6","South Korea","Bulgaria","1986-06-05 12:00:00.000000","1","1",,,,,"0"
"365","Matchday 11","South Korea","Italy","1986-06-10 12:00:00.000000","2","3",,,,,"2"
"366","Matchday 11","Argentina","Bulgaria","1986-06-10 12:00:00.000000","2","0",,,,,"1"
"367","Matchday 4","Belgium","Mexico","1986-06-03 12:00:00.000000","1","2",,,,,"2"
"368","Matchday 5","Paraguay","Iraq","1986-06-04 12:00:00.000000","1","0",,,,,"1"
"369","Matchday 8","Mexico","Paraguay","1986-06-07 12:00:00.000000","1","1",,,,,"0"
"370","Matchday 9","Iraq","Belgium","1986-06-08 12:00:00.000000","1","2",,,,,"2"
"371","Matchday 12","Iraq","Mexico","1986-06-11 12:00:00.000000","0","1",,,,,"2"
"372","Matchday 12","Paraguay","Belgium","1986-06-11 12:00:00.000000","2","2",,,,,"0"
"373","Matchday 2","Canada","France","1986-06-01 12:00:00.000000","0","1",,,,,"2"
"374","Matchday 3","Soviet Union (-1991)","Hungary","1986-06-02 12:00:00.000000","6","0",,,,,"1"
"375","Matchday 6","France","Soviet Union (-1991)","1986-06-05 12:00:00.000000","1","1",,,,,"0"
"376","Matchday 7","Hungary","Canada","1986-06-06 12:00:00.000000","2","0",,,,,"1"
"377","Matchday 10","Hungary","France","1986-06-09 12:00:00.000000","0","3",,,,,"2"
"378","Matchday 10","Soviet Union (-1991)","Canada","1986-06-09 12:00:00.000000","2","0",,,,,"1"
"379","Matchday 2","Spain","Brazil","1986-06-01 12:00:00.000000","0","1",,,,,"2"
"380","Matchday 4","Algeria","Northern Ireland","1986-06-03 12:00:00.000000","1","1",,,,,"0"
"381","Matchday 7","Brazil","Algeria","1986-06-06 12:00:00.000000","1","0",,,,,"1"
"382","Matchday 8","Northern Ireland","Spain","1986-06-07 12:00:00.000000","1","2",,,,,"2"
"383","Matchday 13","Northern Ireland","Brazil","1986-06-12 12:00:00.000000","0","3",,,,,"2"
"384","Matchday 13","Algeria","Spain","1986-06-12 12:00:00.000000","0","3",,,,,"2"
"385","Matchday 5","Uruguay","West Germany (-1989)","1986-06-04 12:00:00.000000","1","1",,,,,"0"
"386","Matchday 5","Scotland","Denmark","1986-06-04 12:00:00.000000","0","1",,,,,"2"
"387","Matchday 9","West Germany (-1989)","Scotland","1986-06-08 12:00:00.000000","2","1",,,,,"1"
"388","Matchday 9","Denmark","Uruguay","1986-06-08 12:00:00.000000","6","1",,,,,"1"
"389","Matchday 14","Denmark","West Germany (-1989)","1986-06-13 12:00:00.000000","2","0",,,,,"1"
"390","Matchday 14","Scotland","Uruguay","1986-06-13 12:00:00.000000","0","0",,,,,"0"
"391","Matchday 3","Morocco","Poland","1986-06-02 12:00:00.000000","0","0",,,,,"0"
"392","Matchday 4","Portugal","England","1986-06-03 12:00:00.000000","1","0",,,,,"1"
"393","Matchday 7","England","Morocco","1986-06-06 12:00:00.000000","0","0",,,,,"0"
"394","Matchday 8","Poland","Portugal","1986-06-07 12:00:00.000000","1","0",,,,,"1"
"395","Matchday 12","Portugal","Morocco","1986-06-11 12:00:00.000000","1","3",,,,,"2"
"396","Matchday 12","England","Poland","1986-06-11 12:00:00.000000","3","0",,,,,"1"
"397","Round of 16","Mexico","Bulgaria","1986-06-15 12:00:00.000000","2","0",,,,,"1"
"398","Round of 16","Soviet Union (-1991)","Belgium","1986-06-15 12:00:00.000000","2","2","3","4",,,"2"
"399","Round of 16","Argentina","Uruguay","1986-06-16 12:00:00.000000","1","0",,,,,"1"
"400","Round of 16","Brazil","Poland","1986-06-16 12:00:00.000000","4","0",,,,,"1"
"401","Round of 16","Italy","France","1986-06-17 12:00:00.000000","0","2",,,,,"2"
"402","Round of 16","Morocco","West Germany (-1989)","1986-06-17 12:00:00.000000","0","1",,,,,"2"
"403","Round of 16","England","Paraguay","1986-06-18 12:00:00.000000","3","0",,,,,"1"
"404","Round of 16","Denmark","Spain","1986-06-18 12:00:00.000000","1","5",,,,,"2"
"405","Quarter-finals","Brazil","France","1986-06-21 12:00:00.000000","1","1","1","1","3","4","2"
"406","Quarter-finals","West Germany (-1989)","Mexico","1986-06-21 12:00:00.000000","0","0","0","0","4","1","1"
"407","Quarter-finals","Spain","Belgium","1986-06-22 12:00:00.000000","1","1","1","1","4","5","2"
"408","Quarter-finals","Argentina","England","1986-06-22 12:00:00.000000","2","1",,,,,"1"
"409","Semi-finals","Argentina","Belgium","1986-06-25 12:00:00.000000","2","0",,,,,"1"
"410","Semi-finals","France","West Germany (-1989)","1986-06-25 12:00:00.000000","0","2",,,,,"2"
"411","Third place match","France","Belgium","1986-06-28 12:00:00.000000","2","2","4","2",,,"1"
"412","Final","Argentina","West Germany (-1989)","1986-06-29 12:00:00.000000","3","2",,,,,"1"
"413","Matchday 2","Italy","Austria","1990-06-09 12:00:00.000000","1","0",,,,,"1"
"414","Matchday 3","United States","Czechoslovakia (-1992)","1990-06-10 12:00:00.000000","1","5",,,,,"2"
"415","Matchday 7","Italy","United States","1990-06-14 12:00:00.000000","1","0",,,,,"1"
"416","Matchday 8","Austria","Czechoslovakia (-1992)","1990-06-15 12:00:00.000000","0","1",,,,,"2"
"417","Matchday 12","Italy","Czechoslovakia (-1992)","1990-06-19 12:00:00.000000","2","0",,,,,"1"
"418","Matchday 12","Austria","United States","1990-06-19 12:00:00.000000","2","1",,,,,"1"
"419","Matchday 1","Argentina","Cameroon","1990-06-08 12:00:00.000000","0","1",,,,,"2"
"420","Matchday 2","Soviet Union (-1991)","Romania","1990-06-09 12:00:00.000000","0","2",,,,,"2"
"421","Matchday 6","Argentina","Soviet Union (-1991)","1990-06-13 12:00:00.000000","2","0",,,,,"1"
"422","Matchday 7","Cameroon","Romania","1990-06-14 12:00:00.000000","2","1",,,,,"1"
"423","Matchday 11","Argentina","Romania","1990-06-18 12:00:00.000000","1","1",,,,,"0"
"424","Matchday 11","Cameroon","Soviet Union (-1991)","1990-06-18 12:00:00.000000","0","4",,,,,"2"
"425","Matchday 3","Brazil","Sweden","1990-06-10 12:00:00.000000","2","1",,,,,"1"
"426","Matchday 4","Costa Rica","Scotland","1990-06-11 12:00:00.000000","1","0",,,,,"1"
"427","Matchday 9","Brazil","Costa Rica","1990-06-16 12:00:00.000000","1","0",,,,,"1"
"428","Matchday 9","Sweden","Scotland","1990-06-16 12:00:00.000000","1","2",,,,,"2"
"429","Matchday 13","Brazil","Scotland","1990-06-20 12:00:00.000000","1","0",,,,,"1"
"430","Matchday 13","Sweden","Costa Rica","1990-06-20 12:00:00.000000","1","2",,,,,"2"
"431","Matchday 2","United Arab Emirates","Colombia","1990-06-09 12:00:00.000000","0","2",,,,,"2"
"432","Matchday 3","West Germany (-1989)","Yugoslavia (-2003)","1990-06-10 12:00:00.000000","4","1",,,,,"1"
"433","Matchday 7","Yugoslavia (-2003)","Colombia","1990-06-14 12:00:00.000000","1","0",,,,,"1"
"434","Matchday 8","West Germany (-1989)","United Arab Emirates","1990-06-15 12:00:00.000000","5","1",,,,,"1"
"435","Matchday 12","West Germany (-1989)","Colombia","1990-06-19 12:00:00.000000","1","1",,,,,"0"
"436","Matchday 12","Yugoslavia (-2003)","United Arab Emirates","1990-06-19 12:00:00.000000","4","1",,,,,"1"
"437","Matchday 5","Belgium","South Korea","1990-06-12 12:00:00.000000","2","0",,,,,"1"
"438","Matchday 6","Uruguay","Spain","1990-06-13 12:00:00.000000","0","0",,,,,"0"
"439","Matchday 10","Belgium","Uruguay","1990-06-17 12:00:00.000000","3","1",,,,,"1"
"440","Matchday 10","South Korea","Spain","1990-06-17 12:00:00.000000","1","3",,,,,"2"
"441","Matchday 14","Belgium","Spain","1990-06-21 12:00:00.000000","1","2",,,,,"2"
"442","Matchday 14","South Korea","Uruguay","1990-06-21 12:00:00.000000","0","1",,,,,"2"
"443","Matchday 4","England","Ireland","1990-06-11 12:00:00.000000","1","1",,,,,"0"
"444","Matchday 5","Netherlands","Egypt","1990-06-12 12:00:00.000000","1","1",,,,,"0"
"445","Matchday 9","England","Netherlands","1990-06-16 12:00:00.000000","0","0",,,,,"0"
"446","Matchday 10","Ireland","Egypt","1990-06-17 12:00:00.000000","0","0",,,,,"0"
"447","Matchday 14","England","Egypt","1990-06-21 12:00:00.000000","1","0",,,,,"1"
"448","Matchday 14","Ireland","Netherlands","1990-06-21 12:00:00.000000","1","1",,,,,"0"
"449","Round of 16","Cameroon","Colombia","1990-06-23 12:00:00.000000","0","0","2","1",,,"1"
"450","Round of 16","Czechoslovakia (-1992)","Costa Rica","1990-06-23 12:00:00.000000","4","1",,,,,"1"
"451","Round of 16","Brazil","Argentina","1990-06-24 12:00:00.000000","0","1",,,,,"2"
"452","Round of 16","West Germany (-1989)","Netherlands","1990-06-24 12:00:00.000000","2","1",,,,,"1"
"453","Round of 16","Ireland","Romania","1990-06-25 12:00:00.000000","0","0","0","0","5","4","1"
"454","Round of 16","Italy","Uruguay","1990-06-25 12:00:00.000000","2","0",,,,,"1"
"455","Round of 16","Spain","Yugoslavia (-2003)","1990-06-26 12:00:00.000000","1","1","1","2",,,"2"
"456","Round of 16","England","Belgium","1990-06-26 12:00:00.000000","0","0","1","0",,,"1"
"457","Quarter-finals","Yugoslavia (-2003)","Argentina","1990-06-30 12:00:00.000000","0","0","0","0","2","3","2"
"458","Quarter-finals","Italy","Ireland","1990-06-30 12:00:00.000000","1","0",,,,,"1"
"459","Quarter-finals","West Germany (-1989)","Czechoslovakia (-1992)","1990-07-01 12:00:00.000000","1","0",,,,,"1"
"460","Quarter-finals","England","Cameroon","1990-07-01 12:00:00.000000","2","2","3","2",,,"1"
"461","Semi-finals","Italy","Argentina","1990-07-03 12:00:00.000000","1","1","1","1","3","4","2"
"462","Semi-finals","West Germany (-1989)","England","1990-07-04 12:00:00.000000",,,"1","1","4","3",
"463","Third place match","Italy","England","1990-07-07 12:00:00.000000","2","1",,,,,"1"
"464","Final","West Germany (-1989)","Argentina","1990-07-08 12:00:00.000000","1","0",,,,,"1"
"465","Matchday 2","United States","Switzerland","1994-06-18 12:00:00.000000","1","1",,,,,"0"
"466","Matchday 2","Colombia","Romania","1994-06-18 12:00:00.000000","1","3",,,,,"2"
"467","Matchday 6","Romania","Switzerland","1994-06-22 12:00:00.000000","1","4",,,,,"2"
"468","Matchday 6","United States","Colombia","1994-06-22 12:00:00.000000","2","1",,,,,"1"
"469","Matchday 10","United States","Romania","1994-06-26 12:00:00.000000","0","1",,,,,"2"
"470","Matchday 10","Switzerland","Colombia","1994-06-26 12:00:00.000000","0","2",,,,,"2"
"471","Matchday 3","Cameroon","Sweden","1994-06-19 12:00:00.000000","2","2",,,,,"0"
"472","Matchday 4","Brazil","Russia","1994-06-20 12:00:00.000000","2","0",,,,,"1"
"473","Matchday 8","Brazil","Cameroon","1994-06-24 12:00:00.000000","3","0",,,,,"1"
"474","Matchday 8","Sweden","Russia","1994-06-24 12:00:00.000000","3","1",,,,,"1"
"475","Matchday 12","Russia","Cameroon","1994-06-28 12:00:00.000000","6","1",,,,,"1"
"476","Matchday 12","Brazil","Sweden","1994-06-28 12:00:00.000000","1","1",,,,,"0"
"477","Matchday 1","Germany","Bolivia","1994-06-17 12:00:00.000000","1","0",,,,,"1"
"478","Matchday 1","Spain","South Korea","1994-06-17 12:00:00.000000","2","2",,,,,"0"
"479","Matchday 5","Germany","Spain","1994-06-21 12:00:00.000000","1","1",,,,,"0"
"480","Matchday 7","South Korea","Bolivia","1994-06-23 12:00:00.000000","0","0",,,,,"0"
"481","Matchday 11","Bolivia","Spain","1994-06-27 12:00:00.000000","1","3",,,,,"2"
"482","Matchday 11","Germany","South Korea","1994-06-27 12:00:00.000000","3","2",,,,,"1"
"483","Matchday 5","Argentina","Greece","1994-06-21 12:00:00.000000","4","0",,,,,"1"
"484","Matchday 5","Nigeria","Bulgaria","1994-06-21 12:00:00.000000","3","0",,,,,"1"
"485","Matchday 9","Argentina","Nigeria","1994-06-25 12:00:00.000000","2","1",,,,,"1"
"486","Matchday 10","Greece","Bulgaria","1994-06-26 12:00:00.000000","0","4",,,,,"2"
"487","Matchday 14","Greece","Nigeria","1994-06-30 12:00:00.000000","0","2",,,,,"2"
"488","Matchday 14","Argentina","Bulgaria","1994-06-30 12:00:00.000000","0","2",,,,,"2"
"489","Matchday 2","Italy","Ireland","1994-06-18 12:00:00.000000","0","1",,,,,"2"
"490","Matchday 3","Norway","Mexico","1994-06-19 12:00:00.000000","1","0",,,,,"1"
"491","Matchday 7","Italy","Norway","1994-06-23 12:00:00.000000","1","0",,,,,"1"
"492","Matchday 8","Mexico","Ireland","1994-06-24 12:00:00.000000","2","1",,,,,"1"
"493","Matchday 12","Ireland","Norway","1994-06-28 12:00:00.000000","0","0",,,,,"0"
"494","Matchday 12","Italy","Mexico","1994-06-28 12:00:00.000000","1","1",,,,,"0"
"495","Matchday 3","Belgium","Morocco","1994-06-19 12:00:00.000000","1","0",,,,,"1"
"496","Matchday 4","Netherlands","Saudi Arabia","1994-06-20 12:00:00.000000","2","1",,,,,"1"
"497","Matchday 9","Belgium","Netherlands","1994-06-25 12:00:00.000000","1","0",,,,,"1"
"498","Matchday 9","Saudi Arabia","Morocco","1994-06-25 12:00:00.000000","2","1",,,,,"1"
"499","Matchday 13","Morocco","Netherlands","1994-06-29 12:00:00.000000","1","2",,,,,"2"
"500","Matchday 13","Belgium","Saudi Arabia","1994-06-29 12:00:00.000000","0","1",,,,,"2"
"501","Round of 16","Germany","Belgium","1994-07-02 12:00:00.000000","3","2",,,,,"1"
"502","Round of 16","Spain","Switzerland","1994-07-02 12:00:00.000000","3","0",,,,,"1"
"503","Round of 16","Saudi Arabia","Sweden","1994-07-03 12:00:00.000000","1","3",,,,,"2"
"504","Round of 16","Romania","Argentina","1994-07-03 12:00:00.000000","3","2",,,,,"1"
"505","Round of 16","Netherlands","Ireland","1994-07-04 12:00:00.000000","2","0",,,,,"1"
"506","Round of 16","Brazil","United States","1994-07-04 12:00:00.000000","1","0",,,,,"1"
"507","Round of 16","Nigeria","Italy","1994-07-05 12:00:00.000000","1","1","1","2",,,"2"
"508","Round of 16","Mexico","Bulgaria","1994-07-05 12:00:00.000000","1","1","1","1","1","3","2"
"509","Quarter-finals","Italy","Spain","1994-07-09 12:00:00.000000","2","1",,,,,"1"
"510","Quarter-finals","Netherlands","Brazil","1994-07-09 12:00:00.000000","2","3",,,,,"2"
"511","Quarter-finals","Bulgaria","Germany","1994-07-10 12:00:00.000000","2","1",,,,,"1"
"512","Quarter-finals","Romania","Sweden","1994-07-10 12:00:00.000000","1","1","2","2","4","5","2"
"513","Semi-finals","Bulgaria","Italy","1994-07-13 12:00:00.000000","1","2",,,,,"2"
"514","Semi-finals","Sweden","Brazil","1994-07-13 12:00:00.000000","0","1",,,,,"2"
"515","Third-place match","Sweden","Bulgaria","1994-07-16 12:00:00.000000","4","0",,,,,"1"
"516","Final","Brazil","Italy","1994-07-17 12:00:00.000000","0","0","0","0","3","2","1"
"517","Matchday 1","Brazil","Scotland","1998-06-10 12:00:00.000000","2","1",,,,,"1"
"518","Matchday 1","Morocco","Norway","1998-06-10 12:00:00.000000","2","2",,,,,"0"
"519","Matchday 7","Scotland","Norway","1998-06-16 12:00:00.000000","1","1",,,,,"0"
"520","Matchday 7","Brazil","Morocco","1998-06-16 12:00:00.000000","3","0",,,,,"1"
"521","Matchday 14","Scotland","Morocco","1998-06-23 12:00:00.000000","0","3",,,,,"2"
"522","Matchday 14","Brazil","Norway","1998-06-23 12:00:00.000000","1","2",,,,,"2"
"523","Matchday 2","Cameroon","Austria","1998-06-11 12:00:00.000000","1","1",,,,,"0"
"524","Matchday 2","Italy","Chile","1998-06-11 12:00:00.000000","2","2",,,,,"0"
"525","Matchday 8","Chile","Austria","1998-06-17 12:00:00.000000","1","1",,,,,"0"
"526","Matchday 8","Italy","Cameroon","1998-06-17 12:00:00.000000","3","0",,,,,"1"
"527","Matchday 14","Italy","Austria","1998-06-23 12:00:00.000000","2","1",,,,,"1"
"528","Matchday 14","Chile","Cameroon","1998-06-23 12:00:00.000000","1","1",,,,,"0"
"529","Matchday 3","Saudi Arabia","Denmark","1998-06-12 12:00:00.000000","0","1",,,,,"2"
"530","Matchday 3","France","South Africa","1998-06-12 12:00:00.000000","3","0",,,,,"1"
"531","Matchday 9","France","Saudi Arabia","1998-06-18 12:00:00.000000","4","0",,,,,"1"
"532","Matchday 9","South Africa","Denmark","1998-06-18 12:00:00.000000","1","1",,,,,"0"
"533","Matchday 15","France","Denmark","1998-06-24 12:00:00.000000","2","1",,,,,"1"
"534","Matchday 15","South Africa","Saudi Arabia","1998-06-24 12:00:00.000000","2","2",,,,,"0"
"535","Matchday 3","Paraguay","Bulgaria","1998-06-12 12:00:00.000000","0","0",,,,,"0"
"536","Matchday 4","Spain","Nigeria","1998-06-13 12:00:00.000000","2","3",,,,,"2"
"537","Matchday 10","Nigeria","Bulgaria","1998-06-19 12:00:00.000000","1","0",,,,,"1"
"538","Matchday 10","Spain","Paraguay","1998-06-19 12:00:00.000000","0","0",,,,,"0"
"539","Matchday 15","Spain","Bulgaria","1998-06-24 12:00:00.000000","6","1",,,,,"1"
"540","Matchday 15","Nigeria","Paraguay","1998-06-24 12:00:00.000000","1","3",,,,,"2"
"541","Matchday 4","Netherlands","Belgium","1998-06-13 12:00:00.000000","0","0",,,,,"0"
"542","Matchday 4","South Korea","Mexico","1998-06-13 12:00:00.000000","1","3",,,,,"2"
"543","Matchday 11","Netherlands","South Korea","1998-06-20 12:00:00.000000","5","0",,,,,"1"
"544","Matchday 11","Belgium","Mexico","1998-06-20 12:00:00.000000","2","2",,,,,"0"
"545","Matchday 16","Belgium","South Korea","1998-06-25 12:00:00.000000","1","1",,,,,"0"
"546","Matchday 16","Netherlands","Mexico","1998-06-25 12:00:00.000000","2","2",,,,,"0"
"547","Matchday 5","Yugoslavia (-2003)","Iran","1998-06-14 12:00:00.000000","1","0",,,,,"1"
"548","Matchday 6","Germany","United States","1998-06-15 12:00:00.000000","2","0",,,,,"1"
"549","Matchday 12","Germany","Yugoslavia (-2003)","1998-06-21 12:00:00.000000","2","2",,,,,"0"
"550","Matchday 12","United States","Iran","1998-06-21 12:00:00.000000","1","2",,,,,"2"
"551","Matchday 16","Germany","Iran","1998-06-25 12:00:00.000000","2","0",,,,,"1"
"552","Matchday 16","United States","Yugoslavia (-2003)","1998-06-25 12:00:00.000000","0","1",,,,,"2"
"553","Matchday 6","Romania","Colombia","1998-06-15 12:00:00.000000","1","0",,,,,"1"
"554","Matchday 6","England","Tunisia","1998-06-15 12:00:00.000000","2","0",,,,,"1"
"555","Matchday 13","Colombia","Tunisia","1998-06-22 12:00:00.000000","1","0",,,,,"1"
"556","Matchday 13","Romania","England","1998-06-22 12:00:00.000000","2","1",,,,,"1"
"557","Matchday 17","Romania","Tunisia","1998-06-26 12:00:00.000000","1","1",,,,,"0"
"558","Matchday 17","Colombia","England","1998-06-26 12:00:00.000000","0","2",,,,,"2"
"559","Matchday 5","Jamaica","Croatia","1998-06-14 12:00:00.000000","1","3",,,,,"2"
"560","Matchday 5","Argentina","Japan","1998-06-14 12:00:00.000000","1","0",,,,,"1"
"561","Matchday 11","Japan","Croatia","1998-06-20 12:00:00.000000","0","1",,,,,"2"
"562","Matchday 12","Argentina","Jamaica","1998-06-21 12:00:00.000000","5","0",,,,,"1"
"563","Matchday 17","Japan","Jamaica","1998-06-26 12:00:00.000000","1","2",,,,,"2"
"564","Matchday 17","Argentina","Croatia","1998-06-26 12:00:00.000000","1","0",,,,,"1"
"565","Round of 16","Brazil","Chile","1998-06-27 12:00:00.000000","4","1",,,,,"1"
"566","Round of 16","Italy","Norway","1998-06-27 12:00:00.000000","1","0",,,,,"1"
"567","Round of 16","Nigeria","Denmark","1998-06-28 12:00:00.000000","1","4",,,,,"2"
"568","Round of 16","France","Paraguay","1998-06-28 12:00:00.000000","0","0","1","0",,,"1"
"569","Round of 16","Germany","Mexico","1998-06-29 12:00:00.000000","2","1",,,,,"1"
"570","Round of 16","Netherlands","Yugoslavia (-2003)","1998-06-29 12:00:00.000000","2","1",,,,,"1"
"571","Round of 16","Argentina","England","1998-06-30 12:00:00.000000","2","2","2","2","4","3","1"
"572","Round of 16","Romania","Croatia","1998-06-30 12:00:00.000000","0","1",,,,,"2"
"573","Quarter-finals","Italy","France","1998-07-03 12:00:00.000000","0","0","0","0","3","4","2"
"574","Quarter-finals","Brazil","Denmark","1998-07-03 12:00:00.000000","3","2",,,,,"1"
"575","Quarter-finals","Germany","Croatia","1998-07-04 12:00:00.000000","0","3",,,,,"2"
"576","Quarter-finals","Netherlands","Argentina","1998-07-04 12:00:00.000000","2","1",,,,,"1"
"577","Semi-finals","Brazil","Netherlands","1998-07-07 12:00:00.000000","1","1","1","1","4","2","1"
"578","Semi-finals","France","Croatia","1998-07-08 12:00:00.000000","2","1",,,,,"1"
"579","Third place match","Netherlands","Croatia","1998-07-11 12:00:00.000000","1","2",,,,,"2"
"580","Final","Brazil","France","1998-07-12 12:00:00.000000","0","3",,,,,"2"
"581","Matchday 1","France","Senegal","2002-05-31 12:00:00.000000","0","1",,,,,"2"
"582","Matchday 2","Uruguay","Denmark","2002-06-01 12:00:00.000000","1","2",,,,,"2"
"583","Matchday 7","France","Uruguay","2002-06-06 12:00:00.000000","0","0",,,,,"0"
"584","Matchday 7","Denmark","Senegal","2002-06-06 12:00:00.000000","1","1",,,,,"0"
"585","Matchday 12","Denmark","France","2002-06-11 12:00:00.000000","2","0",,,,,"1"
"586","Matchday 12","Senegal","Uruguay","2002-06-11 12:00:00.000000","3","3",,,,,"0"
"587","Matchday 3","Paraguay","South Africa","2002-06-02 12:00:00.000000","2","2",,,,,"0"
"588","Matchday 3","Spain","Slovenia","2002-06-02 12:00:00.000000","3","1",,,,,"1"
"589","Matchday 8","Spain","Paraguay","2002-06-07 12:00:00.000000","3","1",,,,,"1"
"590","Matchday 9","South Africa","Slovenia","2002-06-08 12:00:00.000000","1","0",,,,,"1"
"591","Matchday 13","South Africa","Spain","2002-06-12 12:00:00.000000","2","3",,,,,"2"
"592","Matchday 13","Slovenia","Paraguay","2002-06-12 12:00:00.000000","1","3",,,,,"2"
"593","Matchday 4","Brazil","Turkey","2002-06-03 12:00:00.000000","2","1",,,,,"1"
"594","Matchday 5","China","Costa Rica","2002-06-04 12:00:00.000000","0","2",,,,,"2"
"595","Matchday 9","Brazil","China","2002-06-08 12:00:00.000000","4","0",,,,,"1"
"596","Matchday 10","Costa Rica","Turkey","2002-06-09 12:00:00.000000","1","1",,,,,"0"
"597","Matchday 14","Costa Rica","Brazil","2002-06-13 12:00:00.000000","2","5",,,,,"2"
"598","Matchday 14","Turkey","China","2002-06-13 12:00:00.000000","3","0",,,,,"1"
"599","Matchday 5","South Korea","Poland","2002-06-04 12:00:00.000000","2","0",,,,,"1"
"600","Matchday 6","United States","Portugal","2002-06-05 12:00:00.000000","3","2",,,,,"1"
"601","Matchday 11","South Korea","United States","2002-06-10 12:00:00.000000","1","1",,,,,"0"
"602","Matchday 11","Portugal","Poland","2002-06-10 12:00:00.000000","4","0",,,,,"1"
"603","Matchday 15","Portugal","South Korea","2002-06-14 12:00:00.000000","0","1",,,,,"2"
"604","Matchday 15","Poland","United States","2002-06-14 12:00:00.000000","3","1",,,,,"1"
"605","Matchday 2","Ireland","Cameroon","2002-06-01 12:00:00.000000","1","1",,,,,"0"
"606","Matchday 2","Germany","Saudi Arabia","2002-06-01 12:00:00.000000","8","0",,,,,"1"
"607","Matchday 6","Germany","Ireland","2002-06-05 12:00:00.000000","1","1",,,,,"0"
"608","Matchday 7","Cameroon","Saudi Arabia","2002-06-06 12:00:00.000000","1","0",,,,,"1"
"609","Matchday 12","Cameroon","Germany","2002-06-11 12:00:00.000000","0","2",,,,,"2"
"610","Matchday 12","Saudi Arabia","Ireland","2002-06-11 12:00:00.000000","0","3",,,,,"2"
"611","Matchday 3","England","Sweden","2002-06-02 12:00:00.000000","1","1",,,,,"0"
"612","Matchday 3","Argentina","Nigeria","2002-06-02 12:00:00.000000","1","0",,,,,"1"
"613","Matchday 8","Sweden","Nigeria","2002-06-07 12:00:00.000000","2","1",,,,,"1"
"614","Matchday 8","Argentina","England","2002-06-07 12:00:00.000000","0","1",,,,,"2"
"615","Matchday 13","Sweden","Argentina","2002-06-12 12:00:00.000000","1","1",,,,,"0"
"616","Matchday 13","Nigeria","England","2002-06-12 12:00:00.000000","0","0",,,,,"0"
"617","Matchday 4","Croatia","Mexico","2002-06-03 12:00:00.000000","0","1",,,,,"2"
"618","Matchday 4","Italy","Ecuador","2002-06-03 12:00:00.000000","2","0",,,,,"1"
"619","Matchday 9","Italy","Croatia","2002-06-08 12:00:00.000000","1","2",,,,,"2"
"620","Matchday 10","Mexico","Ecuador","2002-06-09 12:00:00.000000","2","1",,,,,"1"
"621","Matchday 14","Mexico","Italy","2002-06-13 12:00:00.000000","1","1",,,,,"0"
"622","Matchday 14","Ecuador","Croatia","2002-06-13 12:00:00.000000","1","0",,,,,"1"
"623","Matchday 5","Japan","Belgium","2002-06-04 12:00:00.000000","2","2",,,,,"0"
"624","Matchday 6","Russia","Tunisia","2002-06-05 12:00:00.000000","2","0",,,,,"1"
"625","Matchday 10","Japan","Russia","2002-06-09 12:00:00.000000","1","0",,,,,"1"
"626","Matchday 11","Tunisia","Belgium","2002-06-10 12:00:00.000000","1","1",,,,,"0"
"627","Matchday 15","Tunisia","Japan","2002-06-14 12:00:00.000000","0","2",,,,,"2"
"628","Matchday 15","Belgium","Russia","2002-06-14 12:00:00.000000","3","2",,,,,"1"
"629","Round of 16","Germany","Paraguay","2002-06-15 12:00:00.000000","1","0",,,,,"1"
"630","Round of 16","Denmark","England","2002-06-15 12:00:00.000000","0","3",,,,,"2"
"631","Round of 16","Sweden","Senegal","2002-06-16 12:00:00.000000","1","1","1","2",,,"2"
"632","Round of 16","Spain","Ireland","2002-06-16 12:00:00.000000","1","1","1","1","3","2","1"
"633","Round of 16","Mexico","United States","2002-06-17 12:00:00.000000","0","2",,,,,"2"
"634","Round of 16","Brazil","Belgium","2002-06-17 12:00:00.000000","2","0",,,,,"1"
"635","Round of 16","Japan","Turkey","2002-06-18 12:00:00.000000","0","1",,,,,"2"
"636","Round of 16","South Korea","Italy","2002-06-18 12:00:00.000000","1","1","2","1",,,"1"
"637","Quarter-finals","England","Brazil","2002-06-21 12:00:00.000000","1","2",,,,,"2"
"638","Quarter-finals","Germany","United States","2002-06-21 12:00:00.000000","1","0",,,,,"1"
"639","Quarter-finals","Spain","South Korea","2002-06-22 12:00:00.000000","0","0","0","0","3","5","2"
"640","Quarter-finals","Senegal","Turkey","2002-06-22 12:00:00.000000","0","0","0","1",,,"2"
"641","Semi-finals","Germany","South Korea","2002-06-25 12:00:00.000000","1","0",,,,,"1"
"642","Semi-finals","Brazil","Turkey","2002-06-26 12:00:00.000000","1","0",,,,,"1"
"643","Third place play-off","South Korea","Turkey","2002-06-29 12:00:00.000000","2","3",,,,,"2"
"644","Final","Germany","Brazil","2002-06-30 12:00:00.000000","0","2",,,,,"2"
"645","Matchday 1","Germany","Costa Rica","2006-06-09 12:00:00.000000","4","2",,,,,"1"
"646","Matchday 1","Poland","Ecuador","2006-06-09 12:00:00.000000","0","2",,,,,"2"
"647","Matchday 6","Germany","Poland","2006-06-14 12:00:00.000000","1","0",,,,,"1"
"648","Matchday 7","Ecuador","Costa Rica","2006-06-15 12:00:00.000000","3","0",,,,,"1"
"649","Matchday 12","Ecuador","Germany","2006-06-20 12:00:00.000000","0","3",,,,,"2"
"650","Matchday 12","Costa Rica","Poland","2006-06-20 12:00:00.000000","1","2",,,,,"2"
"651","Matchday 2","England","Paraguay","2006-06-10 12:00:00.000000","1","0",,,,,"1"
"652","Matchday 2","Trinidad and Tobago","Sweden","2006-06-10 12:00:00.000000","0","0",,,,,"0"
"653","Matchday 7","England","Trinidad and Tobago","2006-06-15 12:00:00.000000","2","0",,,,,"1"
"654","Matchday 7","Sweden","Paraguay","2006-06-15 12:00:00.000000","1","0",,,,,"1"
"655","Matchday 12","Sweden","England","2006-06-20 12:00:00.000000","2","2",,,,,"0"
"656","Matchday 12","Paraguay","Trinidad and Tobago","2006-06-20 12:00:00.000000","2","0",,,,,"1"
"657","Matchday 2","Argentina","Cte d'Ivoire","2006-06-10 12:00:00.000000","2","1",,,,,"1"
"658","Matchday 3","Serbia","Netherlands","2006-06-11 12:00:00.000000","0","1",,,,,"2"
"659","Matchday 8","Argentina","Serbia","2006-06-16 12:00:00.000000","6","0",,,,,"1"
"660","Matchday 8","Netherlands","Cte d'Ivoire","2006-06-16 12:00:00.000000","2","1",,,,,"1"
"661","Matchday 13","Netherlands","Argentina","2006-06-21 12:00:00.000000","0","0",,,,,"0"
"662","Matchday 13","Cte d'Ivoire","Serbia","2006-06-21 12:00:00.000000","3","2",,,,,"1"
"663","Matchday 3","Mexico","Iran","2006-06-11 12:00:00.000000","3","1",,,,,"1"
"664","Matchday 3","Angola","Portugal","2006-06-11 12:00:00.000000","0","1",,,,,"2"
"665","Matchday 8","Mexico","Angola","2006-06-16 12:00:00.000000","0","0",,,,,"0"
"666","Matchday 9","Portugal","Iran","2006-06-17 12:00:00.000000","2","0",,,,,"1"
"667","Matchday 13","Portugal","Mexico","2006-06-21 12:00:00.000000","2","1",,,,,"1"
"668","Matchday 13","Iran","Angola","2006-06-21 12:00:00.000000","1","1",,,,,"0"
"669","Matchday 4","Italy","Ghana","2006-06-12 12:00:00.000000","2","0",,,,,"1"
"670","Matchday 4","United States","Czech Republic","2006-06-12 12:00:00.000000","0","3",,,,,"2"
"671","Matchday 9","Italy","United States","2006-06-17 12:00:00.000000","1","1",,,,,"0"
"672","Matchday 9","Czech Republic","Ghana","2006-06-17 12:00:00.000000","0","2",,,,,"2"
"673","Matchday 14","Czech Republic","Italy","2006-06-22 12:00:00.000000","0","2",,,,,"2"
"674","Matchday 14","Ghana","United States","2006-06-22 12:00:00.000000","2","1",,,,,"1"
"675","Matchday 5","Brazil","Croatia","2006-06-13 12:00:00.000000","1","0",,,,,"1"
"676","Matchday 4","Australia","Japan","2006-06-12 12:00:00.000000","3","1",,,,,"1"
"677","Matchday 10","Brazil","Australia","2006-06-18 12:00:00.000000","2","0",,,,,"1"
"678","Matchday 10","Japan","Croatia","2006-06-18 12:00:00.000000","0","0",,,,,"0"
"679","Matchday 14","Japan","Brazil","2006-06-22 12:00:00.000000","1","4",,,,,"2"
"680","Matchday 14","Croatia","Australia","2006-06-22 12:00:00.000000","2","2",,,,,"0"
"681","Matchday 5","France","Switzerland","2006-06-13 12:00:00.000000","0","0",,,,,"0"
"682","Matchday 5","South Korea","Togo","2006-06-13 12:00:00.000000","2","1",,,,,"1"
"683","Matchday 10","France","South Korea","2006-06-18 12:00:00.000000","1","1",,,,,"0"
"684","Matchday 11","Togo","Switzerland","2006-06-19 12:00:00.000000","0","2",,,,,"2"
"685","Matchday 15","Togo","France","2006-06-23 12:00:00.000000","0","2",,,,,"2"
"686","Matchday 15","Switzerland","South Korea","2006-06-23 12:00:00.000000","2","0",,,,,"1"
"687","Matchday 6","Spain","Ukraine","2006-06-14 12:00:00.000000","4","0",,,,,"1"
"688","Matchday 6","Tunisia","Saudi Arabia","2006-06-14 12:00:00.000000","2","2",,,,,"0"
"689","Matchday 11","Spain","Tunisia","2006-06-19 12:00:00.000000","3","1",,,,,"1"
"690","Matchday 11","Saudi Arabia","Ukraine","2006-06-19 12:00:00.000000","0","4",,,,,"2"
"691","Matchday 15","Saudi Arabia","Spain","2006-06-23 12:00:00.000000","0","1",,,,,"2"
"692","Matchday 15","Ukraine","Tunisia","2006-06-23 12:00:00.000000","1","0",,,,,"1"
"693","Round of 16","Germany","Sweden","2006-06-24 12:00:00.000000","2","0",,,,,"1"
"694","Round of 16","Argentina","Mexico","2006-06-24 12:00:00.000000","1","1","2","1",,,"1"
"695","Round of 16","England","Ecuador","2006-06-25 12:00:00.000000","1","0",,,,,"1"
"696","Round of 16","Portugal","Netherlands","2006-06-25 12:00:00.000000","1","0",,,,,"1"
"697","Round of 16","Italy","Australia","2006-06-26 12:00:00.000000","1","0",,,,,"1"
"698","Round of 16","Switzerland","Ukraine","2006-06-26 12:00:00.000000",,,"0","0","0","3",
"699","Round of 16","Brazil","Ghana","2006-06-27 12:00:00.000000","3","0",,,,,"1"
"700","Round of 16","Spain","France","2006-06-27 12:00:00.000000","1","3",,,,,"2"
"701","Quarterfinals","Germany","Argentina","2006-06-30 12:00:00.000000","1","1","1","1","4","2","1"
"702","Quarterfinals","Italy","Ukraine","2006-06-30 12:00:00.000000","3","0",,,,,"1"
"703","Quarterfinals","England","Portugal","2006-07-01 12:00:00.000000",,,"0","0","1","3",
"704","Quarterfinals","Brazil","France","2006-07-01 12:00:00.000000","0","1",,,,,"2"
"705","Semifinals","Germany","Italy","2006-07-04 12:00:00.000000",,,"0","2",,,
"706","Semifinals","Portugal","France","2006-07-05 12:00:00.000000","0","1",,,,,"2"
"707","Third-place play-off","Germany","Portugal","2006-07-08 12:00:00.000000","3","1",,,,,"1"
"708","Final","Italy","France","2006-07-09 12:00:00.000000","1","1","1","1","5","3","1"
"709","Matchday 1","South Africa","Mexico","2010-06-11 16:00:00.000000","1","1",,,,,"0"
"710","Matchday 1","Uruguay","France","2010-06-11 20:30:00.000000","0","0",,,,,"0"
"711","Matchday 6","South Africa","Uruguay","2010-06-16 20:30:00.000000","0","3",,,,,"2"
"712","Matchday 7","France","Mexico","2010-06-17 20:30:00.000000","0","2",,,,,"2"
"713","Matchday 12","Mexico","Uruguay","2010-06-22 16:00:00.000000","0","1",,,,,"2"
"714","Matchday 12","France","South Africa","2010-06-22 16:00:00.000000","1","2",,,,,"2"
"715","Matchday 2","South Korea","Greece","2010-06-12 13:30:00.000000","2","0",,,,,"1"
"716","Matchday 2","Argentina","Nigeria","2010-06-12 16:00:00.000000","1","0",,,,,"1"
"717","Matchday 7","Argentina","South Korea","2010-06-17 13:30:00.000000","4","1",,,,,"1"
"718","Matchday 7","Greece","Nigeria","2010-06-17 16:00:00.000000","2","1",,,,,"1"
"719","Matchday 12","Nigeria","South Korea","2010-06-22 20:30:00.000000","2","2",,,,,"0"
"720","Matchday 12","Greece","Argentina","2010-06-22 20:30:00.000000","0","2",,,,,"2"
"721","Matchday 2","England","United States","2010-06-12 20:30:00.000000","1","1",,,,,"0"
"722","Matchday 3","Algeria","Slovenia","2010-06-13 13:30:00.000000","0","1",,,,,"2"
"723","Matchday 8","Slovenia","United States","2010-06-18 16:00:00.000000","2","2",,,,,"0"
"724","Matchday 8","England","Algeria","2010-06-18 20:30:00.000000","0","0",,,,,"0"
"725","Matchday 13","United States","Algeria","2010-06-23 16:00:00.000000","1","0",,,,,"1"
"726","Matchday 13","Slovenia","England","2010-06-23 16:00:00.000000","0","1",,,,,"2"
"727","Matchday 3","Serbia","Ghana","2010-06-13 16:00:00.000000","0","1",,,,,"2"
"728","Matchday 3","Germany","Australia","2010-06-13 20:30:00.000000","4","0",,,,,"1"
"729","Matchday 8","Germany","Serbia","2010-06-18 13:30:00.000000","0","1",,,,,"2"
"730","Matchday 9","Ghana","Australia","2010-06-19 16:00:00.000000","1","1",,,,,"0"
"731","Matchday 13","Australia","Serbia","2010-06-23 20:30:00.000000","2","1",,,,,"1"
"732","Matchday 13","Ghana","Germany","2010-06-23 20:30:00.000000","0","1",,,,,"2"
"733","Matchday 4","Netherlands","Denmark","2010-06-14 13:30:00.000000","2","0",,,,,"1"
"734","Matchday 4","Japan","Cameroon","2010-06-14 16:00:00.000000","1","0",,,,,"1"
"735","Matchday 9","Netherlands","Japan","2010-06-19 13:30:00.000000","1","0",,,,,"1"
"736","Matchday 9","Cameroon","Denmark","2010-06-19 20:30:00.000000","1","2",,,,,"2"
"737","Matchday 14","Denmark","Japan","2010-06-24 20:30:00.000000","1","3",,,,,"2"
"738","Matchday 14","Cameroon","Netherlands","2010-06-24 20:30:00.000000","1","2",,,,,"2"
"739","Matchday 4","Italy","Paraguay","2010-06-14 20:30:00.000000","1","1",,,,,"0"
"740","Matchday 5","New Zealand","Slovakia","2010-06-15 13:30:00.000000","1","1",,,,,"0"
"741","Matchday 10","Slovakia","Paraguay","2010-06-20 13:30:00.000000","0","2",,,,,"2"
"742","Matchday 10","Italy","New Zealand","2010-06-20 16:00:00.000000","1","1",,,,,"0"
"743","Matchday 14","Slovakia","Italy","2010-06-24 16:00:00.000000","3","2",,,,,"1"
"744","Matchday 14","Paraguay","New Zealand","2010-06-24 16:00:00.000000","0","0",,,,,"0"
"745","Matchday 5","Cte d'Ivoire","Portugal","2010-06-15 16:00:00.000000","0","0",,,,,"0"
"746","Matchday 5","Brazil","North Korea","2010-06-15 20:30:00.000000","2","1",,,,,"1"
"747","Matchday 10","Brazil","Cte d'Ivoire","2010-06-20 20:30:00.000000","3","1",,,,,"1"
"748","Matchday 11","Portugal","North Korea","2010-06-21 13:30:00.000000","7","0",,,,,"1"
"749","Matchday 15","Portugal","Brazil","2010-06-25 16:00:00.000000","0","0",,,,,"0"
"750","Matchday 15","North Korea","Cte d'Ivoire","2010-06-25 16:00:00.000000","0","3",,,,,"2"
"751","Matchday 6","Honduras","Chile","2010-06-16 13:30:00.000000","0","1",,,,,"2"
"752","Matchday 6","Spain","Switzerland","2010-06-16 16:00:00.000000","0","1",,,,,"2"
"753","Matchday 11","Chile","Switzerland","2010-06-21 16:00:00.000000","1","0",,,,,"1"
"754","Matchday 11","Spain","Honduras","2010-06-21 20:30:00.000000","2","0",,,,,"1"
"755","Matchday 15","Chile","Spain","2010-06-25 20:30:00.000000","1","2",,,,,"2"
"756","Matchday 15","Switzerland","Honduras","2010-06-25 20:30:00.000000","0","0",,,,,"0"
"757","Round of 16","Uruguay","South Korea","2010-06-26 16:00:00.000000","2","1",,,,,"1"
"758","Round of 16","United States","Ghana","2010-06-26 20:30:00.000000","1","1","1","2",,,"2"
"759","Round of 16","Germany","England","2010-06-27 16:00:00.000000","4","1",,,,,"1"
"760","Round of 16","Argentina","Mexico","2010-06-27 20:30:00.000000","3","1",,,,,"1"
"761","Round of 16","Netherlands","Slovakia","2010-06-28 16:00:00.000000","2","1",,,,,"1"
"762","Round of 16","Brazil","Chile","2010-06-28 20:30:00.000000","3","0",,,,,"1"
"763","Round of 16","Paraguay","Japan","2010-06-29 16:00:00.000000","0","0","0","0","5","3","1"
"764","Round of 16","Spain","Portugal","2010-06-29 20:30:00.000000","1","0",,,,,"1"
"765","Quarterfinals","Netherlands","Brazil","2010-07-02 16:00:00.000000","2","1",,,,,"1"
"766","Quarterfinals","Uruguay","Ghana","2010-07-02 20:30:00.000000","1","1","1","1","4","2","1"
"767","Quarterfinals","Argentina","Germany","2010-07-03 16:00:00.000000","0","4",,,,,"2"
"768","Quarterfinals","Paraguay","Spain","2010-07-03 20:30:00.000000","0","1",,,,,"2"
"769","Semifinals","Uruguay","Netherlands","2010-07-06 20:30:00.000000","2","3",,,,,"2"
"770","Semifinals","Germany","Spain","2010-07-07 20:30:00.000000","0","1",,,,,"2"
"771","Third-place play-off","Uruguay","Germany","2010-07-10 20:30:00.000000","2","3",,,,,"2"
"772","Final","Netherlands","Spain","2010-07-11 20:30:00.000000","0","0","0","1",,,"2"
"773","Matchday 1","Brazil","Croatia","2014-06-12 17:00:00.000000",,,,,,,
"774","Matchday 2","Mexico","Cameroon","2014-06-13 13:00:00.000000",,,,,,,
"775","Matchday 6","Brazil","Mexico","2014-06-17 16:00:00.000000",,,,,,,
"776","Matchday 7","Cameroon","Croatia","2014-06-18 18:00:00.000000",,,,,,,
"777","Matchday 12","Cameroon","Brazil","2014-06-23 17:00:00.000000",,,,,,,
"778","Matchday 12","Croatia","Mexico","2014-06-23 17:00:00.000000",,,,,,,
"779","Matchday 2","Spain","Netherlands","2014-06-13 16:00:00.000000",,,,,,,
"780","Matchday 2","Chile","Australia","2014-06-13 18:00:00.000000",,,,,,,
"781","Matchday 7","Spain","Chile","2014-06-18 16:00:00.000000",,,,,,,
"782","Matchday 7","Australia","Netherlands","2014-06-18 13:00:00.000000",,,,,,,
"783","Matchday 12","Australia","Spain","2014-06-23 13:00:00.000000",,,,,,,
"784","Matchday 12","Netherlands","Chile","2014-06-23 13:00:00.000000",,,,,,,
"785","Matchday 3","Colombia","Greece","2014-06-14 13:00:00.000000",,,,,,,
"786","Matchday 3","Cte d'Ivoire","Japan","2014-06-14 22:00:00.000000",,,,,,,
"787","Matchday 8","Colombia","Cte d'Ivoire","2014-06-19 13:00:00.000000",,,,,,,
"788","Matchday 8","Japan","Greece","2014-06-19 19:00:00.000000",,,,,,,
"789","Matchday 13","Japan","Colombia","2014-06-24 16:00:00.000000",,,,,,,
"790","Matchday 13","Cte d'Ivoire","Greece","2014-06-24 17:00:00.000000",,,,,,,
"791","Matchday 3","Uruguay","Costa Rica","2014-06-14 16:00:00.000000",,,,,,,
"792","Matchday 3","England","Italy","2014-06-14 18:00:00.000000",,,,,,,
"793","Matchday 8","Uruguay","England","2014-06-19 16:00:00.000000",,,,,,,
"794","Matchday 9","Italy","Costa Rica","2014-06-20 13:00:00.000000",,,,,,,
"795","Matchday 13","Italy","Uruguay","2014-06-24 13:00:00.000000",,,,,,,
"796","Matchday 13","Costa Rica","England","2014-06-24 13:00:00.000000",,,,,,,
"797","Matchday 4","Switzerland","Ecuador","2014-06-15 13:00:00.000000",,,,,,,
"798","Matchday 4","France","Honduras","2014-06-15 16:00:00.000000",,,,,,,
"799","Matchday 9","Switzerland","France","2014-06-20 16:00:00.000000",,,,,,,
"800","Matchday 9","Honduras","Ecuador","2014-06-20 19:00:00.000000",,,,,,,
"801","Matchday 14","Honduras","Switzerland","2014-06-25 16:00:00.000000",,,,,,,
"802","Matchday 14","Ecuador","France","2014-06-25 17:00:00.000000",,,,,,,
"803","Matchday 4","Argentina","Bosnia-Herzegovina","2014-06-15 19:00:00.000000",,,,,,,
"804","Matchday 5","Iran","Nigeria","2014-06-16 16:00:00.000000",,,,,,,
"805","Matchday 10","Argentina","Iran","2014-06-21 13:00:00.000000",,,,,,,
"806","Matchday 10","Nigeria","Bosnia-Herzegovina","2014-06-21 18:00:00.000000",,,,,,,
"807","Matchday 14","Nigeria","Argentina","2014-06-25 13:00:00.000000",,,,,,,
"808","Matchday 14","Bosnia-Herzegovina","Iran","2014-06-25 13:00:00.000000",,,,,,,
"809","Matchday 5","Germany","Portugal","2014-06-16 13:00:00.000000",,,,,,,
"810","Matchday 5","Ghana","United States","2014-06-16 19:00:00.000000",,,,,,,
"811","Matchday 10","Germany","Ghana","2014-06-21 16:00:00.000000",,,,,,,
"812","Matchday 11","United States","Portugal","2014-06-22 18:00:00.000000",,,,,,,
"813","Matchday 15","United States","Germany","2014-06-26 13:00:00.000000",,,,,,,
"814","Matchday 15","Portugal","Ghana","2014-06-26 13:00:00.000000",,,,,,,
"815","Matchday 6","Belgium","Algeria","2014-06-17 13:00:00.000000",,,,,,,
"816","Matchday 6","Russia","South Korea","2014-06-17 18:00:00.000000",,,,,,,
"817","Matchday 11","Belgium","Russia","2014-06-22 13:00:00.000000",,,,,,,
"818","Matchday 11","South Korea","Algeria","2014-06-22 16:00:00.000000",,,,,,,
"819","Matchday 15","South Korea","Belgium","2014-06-26 17:00:00.000000",,,,,,,
"820","Matchday 15","Algeria","Russia","2014-06-26 17:00:00.000000",,,,,,,